population,responder_n,non_responder_n,responder_median_pct,non_responder_median_pct,median_difference_pct,mann_whitney_u,p_value,fdr_adjusted_p_value,nominally_significant_p_0_05,significant_at_fdr_0_05
cd4_t_cell,993,975,30.2206,29.6576,0.5630000000000024,515277.5,0.013339773203683436,0.06669886601841718,True,False
b_cell,993,975,9.4323,9.7884,-0.35609999999999964,459968.0,0.05567186466219834,0.13917966165549583,False,False
nk_cell,993,975,14.5093,14.7991,-0.2897999999999996,464546.5,0.12106031279217618,0.20176718798696028,False,False
monocyte,993,975,19.6097,19.9423,-0.33259999999999934,466509.0,0.1631261907294168,0.203907738411771,False,False
cd8_t_cell,993,975,24.728,24.6031,0.12490000000000023,478175.5,0.6390575277665635,0.6390575277665635,False,False
